prioridad_rank,filas_afectadas_total,filas_vegetativa,filas_pesos,modulo_raw,turno_raw,valvula_raw,cama_raw,modulo_normalizado,id_geografia_base,id_cama,estados_detectados,detalle_resolucion,archivos_fuente,fecha_ultima_aparicion
1,202,149,53,11,05,19,1,11,,,PENDIENTE_GEOGRAFIA_BASE_NO_EXISTE,La geografia base no existe en Silver.Dim_Geografia_Base.,Evaluación Vegetativa.xlsx | Reporte_evaluacion_peso.xlsx,2026-03-24 12:09:42.097963
2,138,80,58,12,17,59,0,12,,,PENDIENTE_GEOGRAFIA_BASE_NO_EXISTE,La geografia base no existe en Silver.Dim_Geografia_Base.,Evaluación Vegetativa.xlsx | Reporte_evaluacion_peso.xlsx,2026-03-24 12:09:42.097963
3,82,41,41,14,07,25,1,14,,,PENDIENTE_GEOGRAFIA_BASE_NO_EXISTE,La geografia base no existe en Silver.Dim_Geografia_Base.,Evaluación Vegetativa.xlsx | Reporte_evaluacion_peso.xlsx,2026-03-24 12:09:42.097963
4,69,49,20,10,20,58,0,10,,,PENDIENTE_GEOGRAFIA_BASE_NO_EXISTE,La geografia base no existe en Silver.Dim_Geografia_Base.,Evaluación Vegetativa.xlsx | Reporte_evaluacion_peso.xlsx,2026-03-24 12:09:42.097963
5,67,49,18,10,20,59,0,10,,,PENDIENTE_GEOGRAFIA_BASE_NO_EXISTE,La geografia base no existe en Silver.Dim_Geografia_Base.,Evaluación Vegetativa.xlsx | Reporte_evaluacion_peso.xlsx,2026-03-24 12:09:42.097963
6,62,33,29,12,16,56,54,12,,,PENDIENTE_GEOGRAFIA_BASE_NO_EXISTE,La geografia base no existe en Silver.Dim_Geografia_Base.,Evaluación Vegetativa.xlsx | Reporte_evaluacion_peso.xlsx,2026-03-24 12:09:42.097963
7,59,34,25,12,18,61,0,12,,,PENDIENTE_GEOGRAFIA_BASE_NO_EXISTE,La geografia base no existe en Silver.Dim_Geografia_Base.,Evaluación Vegetativa.xlsx | Reporte_evaluacion_peso.xlsx,2026-03-24 12:09:42.097963
8,59,31,28,12,09,31,0,12,,,PENDIENTE_GEOGRAFIA_BASE_NO_EXISTE,La geografia base no existe en Silver.Dim_Geografia_Base.,Evaluación Vegetativa.xlsx | Reporte_evaluacion_peso.xlsx,2026-03-24 12:09:42.097963
9,58,31,27,12,16,54,46,12,,,PENDIENTE_GEOGRAFIA_BASE_NO_EXISTE,La geografia base no existe en Silver.Dim_Geografia_Base.,Evaluación Vegetativa.xlsx | Reporte_evaluacion_peso.xlsx,2026-03-24 12:09:42.097963
10,57,32,25,12,10,35,45,12,,,PENDIENTE_GEOGRAFIA_BASE_NO_EXISTE,La geografia base no existe en Silver.Dim_Geografia_Base.,Evaluación Vegetativa.xlsx | Reporte_evaluacion_peso.xlsx,2026-03-24 12:09:42.097963
11,56,49,7,10,20,60,0,10,,,PENDIENTE_GEOGRAFIA_BASE_NO_EXISTE,La geografia base no existe en Silver.Dim_Geografia_Base.,Evaluación Vegetativa.xlsx | Reporte_evaluacion_peso.xlsx,2026-03-24 12:09:42.097963
12,56,34,22,11,14,51,7,11,,,PENDIENTE_GEOGRAFIA_BASE_NO_EXISTE,La geografia base no existe en Silver.Dim_Geografia_Base.,Evaluación Vegetativa.xlsx | Reporte_evaluacion_peso.xlsx,2026-03-24 12:09:42.097963
13,56,31,25,12,15,50,46,12,,,PENDIENTE_GEOGRAFIA_BASE_NO_EXISTE,La geografia base no existe en Silver.Dim_Geografia_Base.,Evaluación Vegetativa.xlsx | Reporte_evaluacion_peso.xlsx,2026-03-24 12:09:42.097963
14,54,33,21,05,03,7,1,05,,,PENDIENTE_GEOGRAFIA_BASE_NO_EXISTE,La geografia base no existe en Silver.Dim_Geografia_Base.,Evaluación Vegetativa.xlsx | Reporte_evaluacion_peso.xlsx,2026-03-24 12:09:42.097963
15,53,30,23,09,10,27,0,09,,,PENDIENTE_GEOGRAFIA_BASE_NO_EXISTE,La geografia base no existe en Silver.Dim_Geografia_Base.,Evaluación Vegetativa.xlsx | Reporte_evaluacion_peso.xlsx,2026-03-24 12:09:42.097963
16,53,29,24,09,03,7,0,09,,,PENDIENTE_GEOGRAFIA_BASE_NO_EXISTE,La geografia base no existe en Silver.Dim_Geografia_Base.,Evaluación Vegetativa.xlsx | Reporte_evaluacion_peso.xlsx,2026-03-24 12:09:42.097963
17,53,29,24,09,11,30,0,09,,,PENDIENTE_GEOGRAFIA_BASE_NO_EXISTE,La geografia base no existe en Silver.Dim_Geografia_Base.,Evaluación Vegetativa.xlsx | Reporte_evaluacion_peso.xlsx,2026-03-24 12:09:42.097963
18,53,28,25,09,14,41,0,09,,,PENDIENTE_GEOGRAFIA_BASE_NO_EXISTE,La geografia base no existe en Silver.Dim_Geografia_Base.,Evaluación Vegetativa.xlsx | Reporte_evaluacion_peso.xlsx,2026-03-24 12:09:42.097963
19,52,28,24,09,02,4,1,09,,,PENDIENTE_GEOGRAFIA_BASE_NO_EXISTE,La geografia base no existe en Silver.Dim_Geografia_Base.,Evaluación Vegetativa.xlsx | Reporte_evaluacion_peso.xlsx,2026-03-24 12:09:42.097963
20,52,28,24,09,05,13,0,09,,,PENDIENTE_GEOGRAFIA_BASE_NO_EXISTE,La geografia base no existe en Silver.Dim_Geografia_Base.,Evaluación Vegetativa.xlsx | Reporte_evaluacion_peso.xlsx,2026-03-24 12:09:42.097963
21,51,33,18,11,14,37,0,11,,,PENDIENTE_GEOGRAFIA_BASE_NO_EXISTE,La geografia base no existe en Silver.Dim_Geografia_Base.,Evaluación Vegetativa.xlsx | Reporte_evaluacion_peso.xlsx,2026-03-24 12:09:42.097963
22,51,29,22,09,07,19,0,09,,,PENDIENTE_GEOGRAFIA_BASE_NO_EXISTE,La geografia base no existe en Silver.Dim_Geografia_Base.,Evaluación Vegetativa.xlsx | Reporte_evaluacion_peso.xlsx,2026-03-24 12:09:42.097963
23,51,28,23,09,06,16,0,09,,,PENDIENTE_GEOGRAFIA_BASE_NO_EXISTE,La geografia base no existe en Silver.Dim_Geografia_Base.,Evaluación Vegetativa.xlsx | Reporte_evaluacion_peso.xlsx,2026-03-24 12:09:42.097963
24,50,29,21,09,04,10,10,09,,,PENDIENTE_GEOGRAFIA_BASE_NO_EXISTE,La geografia base no existe en Silver.Dim_Geografia_Base.,Evaluación Vegetativa.xlsx | Reporte_evaluacion_peso.xlsx,2026-03-24 12:09:42.097963
25,50,29,21,09,09,24,0,09,,,PENDIENTE_GEOGRAFIA_BASE_NO_EXISTE,La geografia base no existe en Silver.Dim_Geografia_Base.,Evaluación Vegetativa.xlsx | Reporte_evaluacion_peso.xlsx,2026-03-24 12:09:42.097963
26,49,32,17,12,11,37,0,12,,,PENDIENTE_GEOGRAFIA_BASE_NO_EXISTE,La geografia base no existe en Silver.Dim_Geografia_Base.,Evaluación Vegetativa.xlsx | Reporte_evaluacion_peso.xlsx,2026-03-24 12:09:42.097963
27,48,36,12,11,21,88,15,11,,,PENDIENTE_GEOGRAFIA_BASE_NO_EXISTE,La geografia base no existe en Silver.Dim_Geografia_Base.,Evaluación Vegetativa.xlsx | Reporte_evaluacion_peso.xlsx,2026-03-24 12:09:42.097963
28,48,34,14,11,15,62,0,11,,,PENDIENTE_GEOGRAFIA_BASE_NO_EXISTE,La geografia base no existe en Silver.Dim_Geografia_Base.,Evaluación Vegetativa.xlsx | Reporte_evaluacion_peso.xlsx,2026-03-24 12:09:42.097963
29,48,32,16,12,18,63,0,12,,,PENDIENTE_GEOGRAFIA_BASE_NO_EXISTE,La geografia base no existe en Silver.Dim_Geografia_Base.,Evaluación Vegetativa.xlsx | Reporte_evaluacion_peso.xlsx,2026-03-24 12:09:42.097963
30,47,35,12,11,16,84,0,11,,,PENDIENTE_GEOGRAFIA_BASE_NO_EXISTE,La geografia base no existe en Silver.Dim_Geografia_Base.,Evaluación Vegetativa.xlsx | Reporte_evaluacion_peso.xlsx,2026-03-24 12:09:42.097963
31,47,35,12,11,17,41,0,11,,,PENDIENTE_GEOGRAFIA_BASE_NO_EXISTE,La geografia base no existe en Silver.Dim_Geografia_Base.,Evaluación Vegetativa.xlsx | Reporte_evaluacion_peso.xlsx,2026-03-24 12:09:42.097963
32,47,35,12,11,20,67,0,11,,,PENDIENTE_GEOGRAFIA_BASE_NO_EXISTE,La geografia base no existe en Silver.Dim_Geografia_Base.,Evaluación Vegetativa.xlsx | Reporte_evaluacion_peso.xlsx,2026-03-24 12:09:42.097963
33,47,34,13,05,04,2,47,05,,,PENDIENTE_GEOGRAFIA_BASE_NO_EXISTE,La geografia base no existe en Silver.Dim_Geografia_Base.,Evaluación Vegetativa.xlsx | Reporte_evaluacion_peso.xlsx,2026-03-24 12:09:42.097963
34,47,34,13,11,19,43,7,11,,,PENDIENTE_GEOGRAFIA_BASE_NO_EXISTE,La geografia base no existe en Silver.Dim_Geografia_Base.,Evaluación Vegetativa.xlsx | Reporte_evaluacion_peso.xlsx,2026-03-24 12:09:42.097963
35,47,32,15,11,13,105,7,11,,,PENDIENTE_GEOGRAFIA_BASE_NO_EXISTE,La geografia base no existe en Silver.Dim_Geografia_Base.,Evaluación Vegetativa.xlsx | Reporte_evaluacion_peso.xlsx,2026-03-24 12:09:42.097963
36,47,31,16,12,10,34,0,12,,,PENDIENTE_GEOGRAFIA_BASE_NO_EXISTE,La geografia base no existe en Silver.Dim_Geografia_Base.,Evaluación Vegetativa.xlsx | Reporte_evaluacion_peso.xlsx,2026-03-24 12:09:42.097963
37,47,31,16,12,14,47,46,12,,,PENDIENTE_GEOGRAFIA_BASE_NO_EXISTE,La geografia base no existe en Silver.Dim_Geografia_Base.,Evaluación Vegetativa.xlsx | Reporte_evaluacion_peso.xlsx,2026-03-24 12:09:42.097963
38,46,35,11,11,15,61,0,11,,,PENDIENTE_GEOGRAFIA_BASE_NO_EXISTE,La geografia base no existe en Silver.Dim_Geografia_Base.,Evaluación Vegetativa.xlsx | Reporte_evaluacion_peso.xlsx,2026-03-24 12:09:42.097963
39,46,35,11,12,19,67,0,12,,,PENDIENTE_GEOGRAFIA_BASE_NO_EXISTE,La geografia base no existe en Silver.Dim_Geografia_Base.,Evaluación Vegetativa.xlsx | Reporte_evaluacion_peso.xlsx,2026-03-24 12:09:42.097963
40,46,34,12,12,20,70,0,12,,,PENDIENTE_GEOGRAFIA_BASE_NO_EXISTE,La geografia base no existe en Silver.Dim_Geografia_Base.,Evaluación Vegetativa.xlsx | Reporte_evaluacion_peso.xlsx,2026-03-24 12:09:42.097963
41,46,33,13,11,14,38,15,11,,,PENDIENTE_GEOGRAFIA_BASE_NO_EXISTE,La geografia base no existe en Silver.Dim_Geografia_Base.,Evaluación Vegetativa.xlsx | Reporte_evaluacion_peso.xlsx,2026-03-24 12:09:42.097963
42,46,32,14,12,01,1,14,12,,,PENDIENTE_GEOGRAFIA_BASE_NO_EXISTE,La geografia base no existe en Silver.Dim_Geografia_Base.,Evaluación Vegetativa.xlsx | Reporte_evaluacion_peso.xlsx,2026-03-24 12:09:42.097963
43,46,31,15,12,02,2,0,12,,,PENDIENTE_GEOGRAFIA_BASE_NO_EXISTE,La geografia base no existe en Silver.Dim_Geografia_Base.,Evaluación Vegetativa.xlsx | Reporte_evaluacion_peso.xlsx,2026-03-24 12:09:42.097963
44,46,31,15,12,03,5,46,12,,,PENDIENTE_GEOGRAFIA_BASE_NO_EXISTE,La geografia base no existe en Silver.Dim_Geografia_Base.,Evaluación Vegetativa.xlsx | Reporte_evaluacion_peso.xlsx,2026-03-24 12:09:42.097963
45,46,31,15,12,07,22,0,12,,,PENDIENTE_GEOGRAFIA_BASE_NO_EXISTE,La geografia base no existe en Silver.Dim_Geografia_Base.,Evaluación Vegetativa.xlsx | Reporte_evaluacion_peso.xlsx,2026-03-24 12:09:42.097963
46,46,31,15,12,08,26,0,12,,,PENDIENTE_GEOGRAFIA_BASE_NO_EXISTE,La geografia base no existe en Silver.Dim_Geografia_Base.,Evaluación Vegetativa.xlsx | Reporte_evaluacion_peso.xlsx,2026-03-24 12:09:42.097963
47,46,31,15,12,17,58,45,12,,,PENDIENTE_GEOGRAFIA_BASE_NO_EXISTE,La geografia base no existe en Silver.Dim_Geografia_Base.,Evaluación Vegetativa.xlsx | Reporte_evaluacion_peso.xlsx,2026-03-24 12:09:42.097963
48,45,36,9,11,16,83,0,11,,,PENDIENTE_GEOGRAFIA_BASE_NO_EXISTE,La geografia base no existe en Silver.Dim_Geografia_Base.,Evaluación Vegetativa.xlsx | Reporte_evaluacion_peso.xlsx,2026-03-24 12:09:42.097963
49,45,35,10,11,21,103,0,11,,,PENDIENTE_GEOGRAFIA_BASE_NO_EXISTE,La geografia base no existe en Silver.Dim_Geografia_Base.,Evaluación Vegetativa.xlsx | Reporte_evaluacion_peso.xlsx,2026-03-24 12:09:42.097963
50,45,34,11,11,14,39,22,11,,,PENDIENTE_GEOGRAFIA_BASE_NO_EXISTE,La geografia base no existe en Silver.Dim_Geografia_Base.,Evaluación Vegetativa.xlsx | Reporte_evaluacion_peso.xlsx,2026-03-24 12:09:42.097963
51,45,32,13,12,06,18,54,12,,,PENDIENTE_GEOGRAFIA_BASE_NO_EXISTE,La geografia base no existe en Silver.Dim_Geografia_Base.,Evaluación Vegetativa.xlsx | Reporte_evaluacion_peso.xlsx,2026-03-24 12:09:42.097963
52,45,31,14,12,01,10,0,12,,,PENDIENTE_GEOGRAFIA_BASE_NO_EXISTE,La geografia base no existe en Silver.Dim_Geografia_Base.,Evaluación Vegetativa.xlsx | Reporte_evaluacion_peso.xlsx,2026-03-24 12:09:42.097963
53,45,30,15,12,06,17,46,12,,,PENDIENTE_GEOGRAFIA_BASE_NO_EXISTE,La geografia base no existe en Silver.Dim_Geografia_Base.,Evaluación Vegetativa.xlsx | Reporte_evaluacion_peso.xlsx,2026-03-24 12:09:42.097963
54,44,35,9,11,22,58,15,11,,,PENDIENTE_GEOGRAFIA_BASE_NO_EXISTE,La geografia base no existe en Silver.Dim_Geografia_Base.,Evaluación Vegetativa.xlsx | Reporte_evaluacion_peso.xlsx,2026-03-24 12:09:42.097963
55,44,34,10,11,23,71,15,11,,,PENDIENTE_GEOGRAFIA_BASE_NO_EXISTE,La geografia base no existe en Silver.Dim_Geografia_Base.,Evaluación Vegetativa.xlsx | Reporte_evaluacion_peso.xlsx,2026-03-24 12:09:42.097963
56,44,32,12,12,09,32,0,12,,,PENDIENTE_GEOGRAFIA_BASE_NO_EXISTE,La geografia base no existe en Silver.Dim_Geografia_Base.,Evaluación Vegetativa.xlsx | Reporte_evaluacion_peso.xlsx,2026-03-24 12:09:42.097963
57,44,32,12,12,10,33,14,12,,,PENDIENTE_GEOGRAFIA_BASE_NO_EXISTE,La geografia base no existe en Silver.Dim_Geografia_Base.,Evaluación Vegetativa.xlsx | Reporte_evaluacion_peso.xlsx,2026-03-24 12:09:42.097963
58,44,31,13,12,02,3,0,12,,,PENDIENTE_GEOGRAFIA_BASE_NO_EXISTE,La geografia base no existe en Silver.Dim_Geografia_Base.,Evaluación Vegetativa.xlsx | Reporte_evaluacion_peso.xlsx,2026-03-24 12:09:42.097963
59,44,31,13,12,05,15,0,12,,,PENDIENTE_GEOGRAFIA_BASE_NO_EXISTE,La geografia base no existe en Silver.Dim_Geografia_Base.,Evaluación Vegetativa.xlsx | Reporte_evaluacion_peso.xlsx,2026-03-24 12:09:42.097963
60,44,31,13,12,12,41,0,12,,,PENDIENTE_GEOGRAFIA_BASE_NO_EXISTE,La geografia base no existe en Silver.Dim_Geografia_Base.,Evaluación Vegetativa.xlsx | Reporte_evaluacion_peso.xlsx,2026-03-24 12:09:42.097963
61,43,35,8,11,24,102,15,11,,,PENDIENTE_GEOGRAFIA_BASE_NO_EXISTE,La geografia base no existe en Silver.Dim_Geografia_Base.,Evaluación Vegetativa.xlsx | Reporte_evaluacion_peso.xlsx,2026-03-24 12:09:42.097963
62,43,34,9,11,17,40,0,11,,,PENDIENTE_GEOGRAFIA_BASE_NO_EXISTE,La geografia base no existe en Silver.Dim_Geografia_Base.,Evaluación Vegetativa.xlsx | Reporte_evaluacion_peso.xlsx,2026-03-24 12:09:42.097963
63,43,34,9,11,21,89,22,11,,,PENDIENTE_GEOGRAFIA_BASE_NO_EXISTE,La geografia base no existe en Silver.Dim_Geografia_Base.,Evaluación Vegetativa.xlsx | Reporte_evaluacion_peso.xlsx,2026-03-24 12:09:42.097963
64,43,33,10,11,13,36,0,11,,,PENDIENTE_GEOGRAFIA_BASE_NO_EXISTE,La geografia base no existe en Silver.Dim_Geografia_Base.,Evaluación Vegetativa.xlsx | Reporte_evaluacion_peso.xlsx,2026-03-24 12:09:42.097963
65,43,32,11,12,07,21,14,12,,,PENDIENTE_GEOGRAFIA_BASE_NO_EXISTE,La geografia base no existe en Silver.Dim_Geografia_Base.,Evaluación Vegetativa.xlsx | Reporte_evaluacion_peso.xlsx,2026-03-24 12:09:42.097963
66,43,32,11,12,09,29,54,12,,,PENDIENTE_GEOGRAFIA_BASE_NO_EXISTE,La geografia base no existe en Silver.Dim_Geografia_Base.,Evaluación Vegetativa.xlsx | Reporte_evaluacion_peso.xlsx,2026-03-24 12:09:42.097963
67,43,31,12,12,04,11,22,12,,,PENDIENTE_GEOGRAFIA_BASE_NO_EXISTE,La geografia base no existe en Silver.Dim_Geografia_Base.,Evaluación Vegetativa.xlsx | Reporte_evaluacion_peso.xlsx,2026-03-24 12:09:42.097963
68,43,31,12,12,13,44,0,12,,,PENDIENTE_GEOGRAFIA_BASE_NO_EXISTE,La geografia base no existe en Silver.Dim_Geografia_Base.,Evaluación Vegetativa.xlsx | Reporte_evaluacion_peso.xlsx,2026-03-24 12:09:42.097963
69,43,31,12,12,14,48,15,12,,,PENDIENTE_GEOGRAFIA_BASE_NO_EXISTE,La geografia base no existe en Silver.Dim_Geografia_Base.,Evaluación Vegetativa.xlsx | Reporte_evaluacion_peso.xlsx,2026-03-24 12:09:42.097963
70,42,37,5,11,24,90,0,11,,,PENDIENTE_GEOGRAFIA_BASE_NO_EXISTE,La geografia base no existe en Silver.Dim_Geografia_Base.,Evaluación Vegetativa.xlsx | Reporte_evaluacion_peso.xlsx,2026-03-24 12:09:42.097963
71,42,35,7,11,18,63,0,11,,,PENDIENTE_GEOGRAFIA_BASE_NO_EXISTE,La geografia base no existe en Silver.Dim_Geografia_Base.,Evaluación Vegetativa.xlsx | Reporte_evaluacion_peso.xlsx,2026-03-24 12:09:42.097963
72,42,35,7,11,24,104,7,11,,,PENDIENTE_GEOGRAFIA_BASE_NO_EXISTE,La geografia base no existe en Silver.Dim_Geografia_Base.,Evaluación Vegetativa.xlsx | Reporte_evaluacion_peso.xlsx,2026-03-24 12:09:42.097963
73,42,33,9,11,20,68,7,11,,,PENDIENTE_GEOGRAFIA_BASE_NO_EXISTE,La geografia base no existe en Silver.Dim_Geografia_Base.,Evaluación Vegetativa.xlsx | Reporte_evaluacion_peso.xlsx,2026-03-24 12:09:42.097963
74,42,33,9,11,22,46,7,11,,,PENDIENTE_GEOGRAFIA_BASE_NO_EXISTE,La geografia base no existe en Silver.Dim_Geografia_Base.,Evaluación Vegetativa.xlsx | Reporte_evaluacion_peso.xlsx,2026-03-24 12:09:42.097963
75,42,32,10,12,11,36,0,12,,,PENDIENTE_GEOGRAFIA_BASE_NO_EXISTE,La geografia base no existe en Silver.Dim_Geografia_Base.,Evaluación Vegetativa.xlsx | Reporte_evaluacion_peso.xlsx,2026-03-24 12:09:42.097963
76,41,35,6,11,18,76,0,11,,,PENDIENTE_GEOGRAFIA_BASE_NO_EXISTE,La geografia base no existe en Silver.Dim_Geografia_Base.,Evaluación Vegetativa.xlsx | Reporte_evaluacion_peso.xlsx,2026-03-24 12:09:42.097963
77,41,35,6,12,19,66,0,12,,,PENDIENTE_GEOGRAFIA_BASE_NO_EXISTE,La geografia base no existe en Silver.Dim_Geografia_Base.,Evaluación Vegetativa.xlsx | Reporte_evaluacion_peso.xlsx,2026-03-24 12:09:42.097963
78,41,35,6,12,20,69,11,12,,,PENDIENTE_GEOGRAFIA_BASE_NO_EXISTE,La geografia base no existe en Silver.Dim_Geografia_Base.,Evaluación Vegetativa.xlsx | Reporte_evaluacion_peso.xlsx,2026-03-24 12:09:42.097963
79,41,34,7,11,17,42,7,11,,,PENDIENTE_GEOGRAFIA_BASE_NO_EXISTE,La geografia base no existe en Silver.Dim_Geografia_Base.,Evaluación Vegetativa.xlsx | Reporte_evaluacion_peso.xlsx,2026-03-24 12:09:42.097963
80,41,33,8,11,22,47,10,11,,,PENDIENTE_GEOGRAFIA_BASE_NO_EXISTE,La geografia base no existe en Silver.Dim_Geografia_Base.,Evaluación Vegetativa.xlsx | Reporte_evaluacion_peso.xlsx,2026-03-24 12:09:42.097963
81,41,33,8,11,23,70,0,11,,,PENDIENTE_GEOGRAFIA_BASE_NO_EXISTE,La geografia base no existe en Silver.Dim_Geografia_Base.,Evaluación Vegetativa.xlsx | Reporte_evaluacion_peso.xlsx,2026-03-24 12:09:42.097963
82,41,31,10,12,03,6,0,12,,,PENDIENTE_GEOGRAFIA_BASE_NO_EXISTE,La geografia base no existe en Silver.Dim_Geografia_Base.,Evaluación Vegetativa.xlsx | Reporte_evaluacion_peso.xlsx,2026-03-24 12:09:42.097963
83,41,31,10,12,12,39,54,12,,,PENDIENTE_GEOGRAFIA_BASE_NO_EXISTE,La geografia base no existe en Silver.Dim_Geografia_Base.,Evaluación Vegetativa.xlsx | Reporte_evaluacion_peso.xlsx,2026-03-24 12:09:42.097963
84,41,30,11,12,05,16,0,12,,,PENDIENTE_GEOGRAFIA_BASE_NO_EXISTE,La geografia base no existe en Silver.Dim_Geografia_Base.,Evaluación Vegetativa.xlsx | Reporte_evaluacion_peso.xlsx,2026-03-24 12:09:42.097963
85,40,36,4,11,20,77,0,11,,,PENDIENTE_GEOGRAFIA_BASE_NO_EXISTE,La geografia base no existe en Silver.Dim_Geografia_Base.,Evaluación Vegetativa.xlsx | Reporte_evaluacion_peso.xlsx,2026-03-24 12:09:42.097963
86,40,35,5,02,02,7,0,02,,,PENDIENTE_GEOGRAFIA_BASE_NO_EXISTE,La geografia base no existe en Silver.Dim_Geografia_Base.,Evaluación Vegetativa.xlsx | Reporte_evaluacion_peso.xlsx,2026-03-24 12:09:42.097963
87,40,35,5,11,20,66,15,11,,,PENDIENTE_GEOGRAFIA_BASE_NO_EXISTE,La geografia base no existe en Silver.Dim_Geografia_Base.,Evaluación Vegetativa.xlsx | Reporte_evaluacion_peso.xlsx,2026-03-24 12:09:42.097963
88,40,35,5,11,22,60,7,11,,,PENDIENTE_GEOGRAFIA_BASE_NO_EXISTE,La geografia base no existe en Silver.Dim_Geografia_Base.,Evaluación Vegetativa.xlsx | Reporte_evaluacion_peso.xlsx,2026-03-24 12:09:42.097963
89,40,35,5,11,23,81,7,11,,,PENDIENTE_GEOGRAFIA_BASE_NO_EXISTE,La geografia base no existe en Silver.Dim_Geografia_Base.,Evaluación Vegetativa.xlsx | Reporte_evaluacion_peso.xlsx,2026-03-24 12:09:42.097963
90,40,34,6,11,16,85,15,11,,,PENDIENTE_GEOGRAFIA_BASE_NO_EXISTE,La geografia base no existe en Silver.Dim_Geografia_Base.,Evaluación Vegetativa.xlsx | Reporte_evaluacion_peso.xlsx,2026-03-24 12:09:42.097963
91,40,34,6,11,19,44,0,11,,,PENDIENTE_GEOGRAFIA_BASE_NO_EXISTE,La geografia base no existe en Silver.Dim_Geografia_Base.,Evaluación Vegetativa.xlsx | Reporte_evaluacion_peso.xlsx,2026-03-24 12:09:42.097963
92,40,33,7,05,04,1,0,05,,,PENDIENTE_GEOGRAFIA_BASE_NO_EXISTE,La geografia base no existe en Silver.Dim_Geografia_Base.,Evaluación Vegetativa.xlsx | Reporte_evaluacion_peso.xlsx,2026-03-24 12:09:42.097963
93,40,33,7,11,19,45,10,11,,,PENDIENTE_GEOGRAFIA_BASE_NO_EXISTE,La geografia base no existe en Silver.Dim_Geografia_Base.,Evaluación Vegetativa.xlsx | Reporte_evaluacion_peso.xlsx,2026-03-24 12:09:42.097963
94,40,30,10,05,03,2,78,05,,,PENDIENTE_GEOGRAFIA_BASE_NO_EXISTE,La geografia base no existe en Silver.Dim_Geografia_Base.,Evaluación Vegetativa.xlsx | Reporte_evaluacion_peso.xlsx,2026-03-24 12:09:42.097963
95,40,30,10,12,18,62,54,12,,,PENDIENTE_GEOGRAFIA_BASE_NO_EXISTE,La geografia base no existe en Silver.Dim_Geografia_Base.,Evaluación Vegetativa.xlsx | Reporte_evaluacion_peso.xlsx,2026-03-24 12:09:42.097963
96,40,29,11,04,02,3,63,04,,,PENDIENTE_GEOGRAFIA_BASE_NO_EXISTE,La geografia base no existe en Silver.Dim_Geografia_Base.,Evaluación Vegetativa.xlsx | Reporte_evaluacion_peso.xlsx,2026-03-24 12:09:42.097963
97,39,39,0,07,05,7,10,07,,,PENDIENTE_GEOGRAFIA_BASE_NO_EXISTE,La geografia base no existe en Silver.Dim_Geografia_Base.,Evaluación Vegetativa.xlsx,2026-03-24 12:09:42.097963
98,39,39,0,07,05,9,10,07,,,PENDIENTE_GEOGRAFIA_BASE_NO_EXISTE,La geografia base no existe en Silver.Dim_Geografia_Base.,Evaluación Vegetativa.xlsx,2026-03-24 12:09:42.097963
99,39,37,2,11,24,100,0,11,,,PENDIENTE_GEOGRAFIA_BASE_NO_EXISTE,La geografia base no existe en Silver.Dim_Geografia_Base.,Evaluación Vegetativa.xlsx | Reporte_evaluacion_peso.xlsx,2026-03-24 12:09:42.097963
100,39,35,4,11,17,52,0,11,,,PENDIENTE_GEOGRAFIA_BASE_NO_EXISTE,La geografia base no existe en Silver.Dim_Geografia_Base.,Evaluación Vegetativa.xlsx | Reporte_evaluacion_peso.xlsx,2026-03-24 12:09:42.097963
101,39,34,5,11,23,79,27,11,,,PENDIENTE_GEOGRAFIA_BASE_NO_EXISTE,La geografia base no existe en Silver.Dim_Geografia_Base.,Evaluación Vegetativa.xlsx | Reporte_evaluacion_peso.xlsx,2026-03-24 12:09:42.097963
102,39,33,6,11,18,64,0,11,,,PENDIENTE_GEOGRAFIA_BASE_NO_EXISTE,La geografia base no existe en Silver.Dim_Geografia_Base.,Evaluación Vegetativa.xlsx | Reporte_evaluacion_peso.xlsx,2026-03-24 12:09:42.097963
103,39,33,6,12,08,27,0,12,,,PENDIENTE_GEOGRAFIA_BASE_NO_EXISTE,La geografia base no existe en Silver.Dim_Geografia_Base.,Evaluación Vegetativa.xlsx | Reporte_evaluacion_peso.xlsx,2026-03-24 12:09:42.097963
104,39,31,8,12,04,13,0,12,,,PENDIENTE_GEOGRAFIA_BASE_NO_EXISTE,La geografia base no existe en Silver.Dim_Geografia_Base.,Evaluación Vegetativa.xlsx | Reporte_evaluacion_peso.xlsx,2026-03-24 12:09:42.097963
105,39,31,8,12,08,28,30,12,,,PENDIENTE_GEOGRAFIA_BASE_NO_EXISTE,La geografia base no existe en Silver.Dim_Geografia_Base.,Evaluación Vegetativa.xlsx | Reporte_evaluacion_peso.xlsx,2026-03-24 12:09:42.097963
106,39,30,9,12,13,43,19,12,,,PENDIENTE_GEOGRAFIA_BASE_NO_EXISTE,La geografia base no existe en Silver.Dim_Geografia_Base.,Evaluación Vegetativa.xlsx | Reporte_evaluacion_peso.xlsx,2026-03-24 12:09:42.097963
107,38,38,0,07,05,10,10,07,,,PENDIENTE_GEOGRAFIA_BASE_NO_EXISTE,La geografia base no existe en Silver.Dim_Geografia_Base.,Evaluación Vegetativa.xlsx,2026-03-24 12:09:42.097963
108,38,35,3,11,13,82,7,11,,,PENDIENTE_GEOGRAFIA_BASE_NO_EXISTE,La geografia base no existe en Silver.Dim_Geografia_Base.,Evaluación Vegetativa.xlsx | Reporte_evaluacion_peso.xlsx,2026-03-24 12:09:42.097963
109,38,35,3,11,22,59,26,11,,,PENDIENTE_GEOGRAFIA_BASE_NO_EXISTE,La geografia base no existe en Silver.Dim_Geografia_Base.,Evaluación Vegetativa.xlsx | Reporte_evaluacion_peso.xlsx,2026-03-24 12:09:42.097963
110,38,34,4,11,13,48,15,11,,,PENDIENTE_GEOGRAFIA_BASE_NO_EXISTE,La geografia base no existe en Silver.Dim_Geografia_Base.,Evaluación Vegetativa.xlsx | Reporte_evaluacion_peso.xlsx,2026-03-24 12:09:42.097963
111,38,33,5,05,04,3,63,05,,,PENDIENTE_GEOGRAFIA_BASE_NO_EXISTE,La geografia base no existe en Silver.Dim_Geografia_Base.,Evaluación Vegetativa.xlsx | Reporte_evaluacion_peso.xlsx,2026-03-24 12:09:42.097963
112,38,33,5,11,18,98,0,11,,,PENDIENTE_GEOGRAFIA_BASE_NO_EXISTE,La geografia base no existe en Silver.Dim_Geografia_Base.,Evaluación Vegetativa.xlsx | Reporte_evaluacion_peso.xlsx,2026-03-24 12:09:42.097963
113,38,33,5,11,24,101,10,11,,,PENDIENTE_GEOGRAFIA_BASE_NO_EXISTE,La geografia base no existe en Silver.Dim_Geografia_Base.,Evaluación Vegetativa.xlsx | Reporte_evaluacion_peso.xlsx,2026-03-24 12:09:42.097963
114,38,33,5,12,05,20,0,12,,,PENDIENTE_GEOGRAFIA_BASE_NO_EXISTE,La geografia base no existe en Silver.Dim_Geografia_Base.,Evaluación Vegetativa.xlsx | Reporte_evaluacion_peso.xlsx,2026-03-24 12:09:42.097963
115,38,32,6,12,19,65,11,12,,,PENDIENTE_GEOGRAFIA_BASE_NO_EXISTE,La geografia base no existe en Silver.Dim_Geografia_Base.,Evaluación Vegetativa.xlsx | Reporte_evaluacion_peso.xlsx,2026-03-24 12:09:42.097963
116,37,36,1,11,19,57,26,11,,,PENDIENTE_GEOGRAFIA_BASE_NO_EXISTE,La geografia base no existe en Silver.Dim_Geografia_Base.,Evaluación Vegetativa.xlsx | Reporte_evaluacion_peso.xlsx,2026-03-24 12:09:42.097963
117,37,36,1,12,19,68,10,12,,,PENDIENTE_GEOGRAFIA_BASE_NO_EXISTE,La geografia base no existe en Silver.Dim_Geografia_Base.,Evaluación Vegetativa.xlsx | Reporte_evaluacion_peso.xlsx,2026-03-24 12:09:42.097963
118,37,35,2,11,21,99,27,11,,,PENDIENTE_GEOGRAFIA_BASE_NO_EXISTE,La geografia base no existe en Silver.Dim_Geografia_Base.,Evaluación Vegetativa.xlsx | Reporte_evaluacion_peso.xlsx,2026-03-24 12:09:42.097963
119,37,35,2,12,20,72,0,12,,,PENDIENTE_GEOGRAFIA_BASE_NO_EXISTE,La geografia base no existe en Silver.Dim_Geografia_Base.,Evaluación Vegetativa.xlsx | Reporte_evaluacion_peso.xlsx,2026-03-24 12:09:42.097963
120,37,34,3,11,18,86,15,11,,,PENDIENTE_GEOGRAFIA_BASE_NO_EXISTE,La geografia base no existe en Silver.Dim_Geografia_Base.,Evaluación Vegetativa.xlsx | Reporte_evaluacion_peso.xlsx,2026-03-24 12:09:42.097963
121,37,34,3,11,19,55,0,11,,,PENDIENTE_GEOGRAFIA_BASE_NO_EXISTE,La geografia base no existe en Silver.Dim_Geografia_Base.,Evaluación Vegetativa.xlsx | Reporte_evaluacion_peso.xlsx,2026-03-24 12:09:42.097963
122,37,34,3,11,19,56,0,11,,,PENDIENTE_GEOGRAFIA_BASE_NO_EXISTE,La geografia base no existe en Silver.Dim_Geografia_Base.,Evaluación Vegetativa.xlsx | Reporte_evaluacion_peso.xlsx,2026-03-24 12:09:42.097963
123,37,34,3,11,23,69,0,11,,,PENDIENTE_GEOGRAFIA_BASE_NO_EXISTE,La geografia base no existe en Silver.Dim_Geografia_Base.,Evaluación Vegetativa.xlsx | Reporte_evaluacion_peso.xlsx,2026-03-24 12:09:42.097963
124,37,34,3,11,23,80,26,11,,,PENDIENTE_GEOGRAFIA_BASE_NO_EXISTE,La geografia base no existe en Silver.Dim_Geografia_Base.,Evaluación Vegetativa.xlsx | Reporte_evaluacion_peso.xlsx,2026-03-24 12:09:42.097963
125,37,33,4,11,24,92,7,11,,,PENDIENTE_GEOGRAFIA_BASE_NO_EXISTE,La geografia base no existe en Silver.Dim_Geografia_Base.,Evaluación Vegetativa.xlsx | Reporte_evaluacion_peso.xlsx,2026-03-24 12:09:42.097963
126,37,32,5,11,15,72,15,11,,,PENDIENTE_GEOGRAFIA_BASE_NO_EXISTE,La geografia base no existe en Silver.Dim_Geografia_Base.,Evaluación Vegetativa.xlsx | Reporte_evaluacion_peso.xlsx,2026-03-24 12:09:42.097963
127,36,35,1,11,17,53,15,11,,,PENDIENTE_GEOGRAFIA_BASE_NO_EXISTE,La geografia base no existe en Silver.Dim_Geografia_Base.,Evaluación Vegetativa.xlsx | Reporte_evaluacion_peso.xlsx,2026-03-24 12:09:42.097963
128,36,34,2,11,15,73,15,11,,,PENDIENTE_GEOGRAFIA_BASE_NO_EXISTE,La geografia base no existe en Silver.Dim_Geografia_Base.,Evaluación Vegetativa.xlsx | Reporte_evaluacion_peso.xlsx,2026-03-24 12:09:42.097963
129,36,34,2,11,24,91,15,11,,,PENDIENTE_GEOGRAFIA_BASE_NO_EXISTE,La geografia base no existe en Silver.Dim_Geografia_Base.,Evaluación Vegetativa.xlsx | Reporte_evaluacion_peso.xlsx,2026-03-24 12:09:42.097963
130,36,34,2,12,20,71,30,12,,,PENDIENTE_GEOGRAFIA_BASE_NO_EXISTE,La geografia base no existe en Silver.Dim_Geografia_Base.,Evaluación Vegetativa.xlsx | Reporte_evaluacion_peso.xlsx,2026-03-24 12:09:42.097963
131,36,33,3,11,14,50,0,11,,,PENDIENTE_GEOGRAFIA_BASE_NO_EXISTE,La geografia base no existe en Silver.Dim_Geografia_Base.,Evaluación Vegetativa.xlsx | Reporte_evaluacion_peso.xlsx,2026-03-24 12:09:42.097963
132,36,33,3,11,16,96,23,11,,,PENDIENTE_GEOGRAFIA_BASE_NO_EXISTE,La geografia base no existe en Silver.Dim_Geografia_Base.,Evaluación Vegetativa.xlsx | Reporte_evaluacion_peso.xlsx,2026-03-24 12:09:42.097963
133,36,33,3,11,18,97,15,11,,,PENDIENTE_GEOGRAFIA_BASE_NO_EXISTE,La geografia base no existe en Silver.Dim_Geografia_Base.,Evaluación Vegetativa.xlsx | Reporte_evaluacion_peso.xlsx,2026-03-24 12:09:42.097963
134,36,31,5,05,03,1,0,05,,,PENDIENTE_GEOGRAFIA_BASE_NO_EXISTE,La geografia base no existe en Silver.Dim_Geografia_Base.,Evaluación Vegetativa.xlsx | Reporte_evaluacion_peso.xlsx,2026-03-24 12:09:42.097963
135,36,31,5,12,09,30,0,12,,,PENDIENTE_GEOGRAFIA_BASE_NO_EXISTE,La geografia base no existe en Silver.Dim_Geografia_Base.,Evaluación Vegetativa.xlsx | Reporte_evaluacion_peso.xlsx,2026-03-24 12:09:42.097963
136,36,30,6,05,03,4,20,05,,,PENDIENTE_GEOGRAFIA_BASE_NO_EXISTE,La geografia base no existe en Silver.Dim_Geografia_Base.,Evaluación Vegetativa.xlsx | Reporte_evaluacion_peso.xlsx,2026-03-24 12:09:42.097963
137,36,30,6,12,04,12,15,12,,,PENDIENTE_GEOGRAFIA_BASE_NO_EXISTE,La geografia base no existe en Silver.Dim_Geografia_Base.,Evaluación Vegetativa.xlsx | Reporte_evaluacion_peso.xlsx,2026-03-24 12:09:42.097963
138,36,30,6,12,13,45,0,12,,,PENDIENTE_GEOGRAFIA_BASE_NO_EXISTE,La geografia base no existe en Silver.Dim_Geografia_Base.,Evaluación Vegetativa.xlsx | Reporte_evaluacion_peso.xlsx,2026-03-24 12:09:42.097963
139,35,35,0,11,20,78,0,11,,,PENDIENTE_GEOGRAFIA_BASE_NO_EXISTE,La geografia base no existe en Silver.Dim_Geografia_Base.,Evaluación Vegetativa.xlsx,2026-03-24 12:09:42.097963
140,35,34,1,11,17,54,15,11,,,PENDIENTE_GEOGRAFIA_BASE_NO_EXISTE,La geografia base no existe en Silver.Dim_Geografia_Base.,Evaluación Vegetativa.xlsx | Reporte_evaluacion_peso.xlsx,2026-03-24 12:09:42.097963
141,35,33,2,11,16,94,27,11,,,PENDIENTE_GEOGRAFIA_BASE_NO_EXISTE,La geografia base no existe en Silver.Dim_Geografia_Base.,Evaluación Vegetativa.xlsx | Reporte_evaluacion_peso.xlsx,2026-03-24 12:09:42.097963
142,35,33,2,12,18,64,0,12,,,PENDIENTE_GEOGRAFIA_BASE_NO_EXISTE,La geografia base no existe en Silver.Dim_Geografia_Base.,Evaluación Vegetativa.xlsx | Reporte_evaluacion_peso.xlsx,2026-03-24 12:09:42.097963
143,35,33,2,12,20,73,14,12,,,PENDIENTE_GEOGRAFIA_BASE_NO_EXISTE,La geografia base no existe en Silver.Dim_Geografia_Base.,Evaluación Vegetativa.xlsx | Reporte_evaluacion_peso.xlsx,2026-03-24 12:09:42.097963
144,35,32,3,11,18,75,15,11,,,PENDIENTE_GEOGRAFIA_BASE_NO_EXISTE,La geografia base no existe en Silver.Dim_Geografia_Base.,Evaluación Vegetativa.xlsx | Reporte_evaluacion_peso.xlsx,2026-03-24 12:09:42.097963
145,35,31,4,12,03,7,0,12,,,PENDIENTE_GEOGRAFIA_BASE_NO_EXISTE,La geografia base no existe en Silver.Dim_Geografia_Base.,Evaluación Vegetativa.xlsx | Reporte_evaluacion_peso.xlsx,2026-03-24 12:09:42.097963
146,35,30,5,12,12,40,0,12,,,PENDIENTE_GEOGRAFIA_BASE_NO_EXISTE,La geografia base no existe en Silver.Dim_Geografia_Base.,Evaluación Vegetativa.xlsx | Reporte_evaluacion_peso.xlsx,2026-03-24 12:09:42.097963
147,34,34,0,11,14,49,0,11,,,PENDIENTE_GEOGRAFIA_BASE_NO_EXISTE,La geografia base no existe en Silver.Dim_Geografia_Base.,Evaluación Vegetativa.xlsx,2026-03-24 12:09:42.097963
148,34,34,0,11,18,87,0,11,,,PENDIENTE_GEOGRAFIA_BASE_NO_EXISTE,La geografia base no existe en Silver.Dim_Geografia_Base.,Evaluación Vegetativa.xlsx,2026-03-24 12:09:42.097963
149,34,33,1,05,04,5,0,05,,,PENDIENTE_GEOGRAFIA_BASE_NO_EXISTE,La geografia base no existe en Silver.Dim_Geografia_Base.,Evaluación Vegetativa.xlsx | Reporte_evaluacion_peso.xlsx,2026-03-24 12:09:42.097963
150,34,33,1,05,04,6,0,05,,,PENDIENTE_GEOGRAFIA_BASE_NO_EXISTE,La geografia base no existe en Silver.Dim_Geografia_Base.,Evaluación Vegetativa.xlsx | Reporte_evaluacion_peso.xlsx,2026-03-24 12:09:42.097963
151,34,33,1,12,16,55,0,12,,,PENDIENTE_GEOGRAFIA_BASE_NO_EXISTE,La geografia base no existe en Silver.Dim_Geografia_Base.,Evaluación Vegetativa.xlsx | Reporte_evaluacion_peso.xlsx,2026-03-24 12:09:42.097963
152,34,33,1,12,16,57,0,12,,,PENDIENTE_GEOGRAFIA_BASE_NO_EXISTE,La geografia base no existe en Silver.Dim_Geografia_Base.,Evaluación Vegetativa.xlsx | Reporte_evaluacion_peso.xlsx,2026-03-24 12:09:42.097963
153,34,29,5,04,02,1,0,04,,,PENDIENTE_GEOGRAFIA_BASE_NO_EXISTE,La geografia base no existe en Silver.Dim_Geografia_Base.,Evaluación Vegetativa.xlsx | Reporte_evaluacion_peso.xlsx,2026-03-24 12:09:42.097963
154,34,29,5,09,04,11,0,09,,,PENDIENTE_GEOGRAFIA_BASE_NO_EXISTE,La geografia base no existe en Silver.Dim_Geografia_Base.,Evaluación Vegetativa.xlsx | Reporte_evaluacion_peso.xlsx,2026-03-24 12:09:42.097963
155,34,29,5,09,07,20,0,09,,,PENDIENTE_GEOGRAFIA_BASE_NO_EXISTE,La geografia base no existe en Silver.Dim_Geografia_Base.,Evaluación Vegetativa.xlsx | Reporte_evaluacion_peso.xlsx,2026-03-24 12:09:42.097963
156,33,33,0,05,04,7,0,05,,,PENDIENTE_GEOGRAFIA_BASE_NO_EXISTE,La geografia base no existe en Silver.Dim_Geografia_Base.,Evaluación Vegetativa.xlsx,2026-03-24 12:09:42.097963
157,33,33,0,05,04,8,0,05,,,PENDIENTE_GEOGRAFIA_BASE_NO_EXISTE,La geografia base no existe en Silver.Dim_Geografia_Base.,Evaluación Vegetativa.xlsx,2026-03-24 12:09:42.097963
158,33,33,0,11,13,93,0,11,,,PENDIENTE_GEOGRAFIA_BASE_NO_EXISTE,La geografia base no existe en Silver.Dim_Geografia_Base.,Evaluación Vegetativa.xlsx,2026-03-24 12:09:42.097963
159,33,33,0,11,15,74,0,11,,,PENDIENTE_GEOGRAFIA_BASE_NO_EXISTE,La geografia base no existe en Silver.Dim_Geografia_Base.,Evaluación Vegetativa.xlsx,2026-03-24 12:09:42.097963
160,33,33,0,11,16,95,0,11,,,PENDIENTE_GEOGRAFIA_BASE_NO_EXISTE,La geografia base no existe en Silver.Dim_Geografia_Base.,Evaluación Vegetativa.xlsx,2026-03-24 12:09:42.097963
161,33,32,1,12,11,38,14,12,,,PENDIENTE_GEOGRAFIA_BASE_NO_EXISTE,La geografia base no existe en Silver.Dim_Geografia_Base.,Evaluación Vegetativa.xlsx | Reporte_evaluacion_peso.xlsx,2026-03-24 12:09:42.097963
162,33,31,2,11,20,65,0,11,,,PENDIENTE_GEOGRAFIA_BASE_NO_EXISTE,La geografia base no existe en Silver.Dim_Geografia_Base.,Evaluación Vegetativa.xlsx | Reporte_evaluacion_peso.xlsx,2026-03-24 12:09:42.097963
163,33,31,2,12,07,23,30,12,,,PENDIENTE_GEOGRAFIA_BASE_NO_EXISTE,La geografia base no existe en Silver.Dim_Geografia_Base.,Evaluación Vegetativa.xlsx | Reporte_evaluacion_peso.xlsx,2026-03-24 12:09:42.097963
164,33,31,2,12,15,52,15,12,,,PENDIENTE_GEOGRAFIA_BASE_NO_EXISTE,La geografia base no existe en Silver.Dim_Geografia_Base.,Evaluación Vegetativa.xlsx | Reporte_evaluacion_peso.xlsx,2026-03-24 12:09:42.097963
165,33,29,4,09,10,28,0,09,,,PENDIENTE_GEOGRAFIA_BASE_NO_EXISTE,La geografia base no existe en Silver.Dim_Geografia_Base.,Evaluación Vegetativa.xlsx | Reporte_evaluacion_peso.xlsx,2026-03-24 12:09:42.097963
166,33,28,5,09,02,5,0,09,,,PENDIENTE_GEOGRAFIA_BASE_NO_EXISTE,La geografia base no existe en Silver.Dim_Geografia_Base.,Evaluación Vegetativa.xlsx | Reporte_evaluacion_peso.xlsx,2026-03-24 12:09:42.097963
167,32,32,0,12,12,42,0,12,,,PENDIENTE_GEOGRAFIA_BASE_NO_EXISTE,La geografia base no existe en Silver.Dim_Geografia_Base.,Evaluación Vegetativa.xlsx,2026-03-24 12:09:42.097963
168,32,31,1,12,02,4,0,12,,,PENDIENTE_GEOGRAFIA_BASE_NO_EXISTE,La geografia base no existe en Silver.Dim_Geografia_Base.,Evaluación Vegetativa.xlsx | Reporte_evaluacion_peso.xlsx,2026-03-24 12:09:42.097963
169,32,31,1,12,15,51,0,12,,,PENDIENTE_GEOGRAFIA_BASE_NO_EXISTE,La geografia base no existe en Silver.Dim_Geografia_Base.,Evaluación Vegetativa.xlsx | Reporte_evaluacion_peso.xlsx,2026-03-24 12:09:42.097963
170,32,30,2,12,04,14,0,12,,,PENDIENTE_GEOGRAFIA_BASE_NO_EXISTE,La geografia base no existe en Silver.Dim_Geografia_Base.,Evaluación Vegetativa.xlsx | Reporte_evaluacion_peso.xlsx,2026-03-24 12:09:42.097963
171,32,29,3,09,08,23,0,09,,,PENDIENTE_GEOGRAFIA_BASE_NO_EXISTE,La geografia base no existe en Silver.Dim_Geografia_Base.,Evaluación Vegetativa.xlsx | Reporte_evaluacion_peso.xlsx,2026-03-24 12:09:42.097963
172,32,29,3,09,09,25,0,09,,,PENDIENTE_GEOGRAFIA_BASE_NO_EXISTE,La geografia base no existe en Silver.Dim_Geografia_Base.,Evaluación Vegetativa.xlsx | Reporte_evaluacion_peso.xlsx,2026-03-24 12:09:42.097963
173,32,29,3,09,09,26,0,09,,,PENDIENTE_GEOGRAFIA_BASE_NO_EXISTE,La geografia base no existe en Silver.Dim_Geografia_Base.,Evaluación Vegetativa.xlsx | Reporte_evaluacion_peso.xlsx,2026-03-24 12:09:42.097963
174,32,29,3,09,11,31,0,09,,,PENDIENTE_GEOGRAFIA_BASE_NO_EXISTE,La geografia base no existe en Silver.Dim_Geografia_Base.,Evaluación Vegetativa.xlsx | Reporte_evaluacion_peso.xlsx,2026-03-24 12:09:42.097963
175,32,28,4,09,05,14,0,09,,,PENDIENTE_GEOGRAFIA_BASE_NO_EXISTE,La geografia base no existe en Silver.Dim_Geografia_Base.,Evaluación Vegetativa.xlsx | Reporte_evaluacion_peso.xlsx,2026-03-24 12:09:42.097963
176,32,28,4,09,06,17,0,09,,,PENDIENTE_GEOGRAFIA_BASE_NO_EXISTE,La geografia base no existe en Silver.Dim_Geografia_Base.,Evaluación Vegetativa.xlsx | Reporte_evaluacion_peso.xlsx,2026-03-24 12:09:42.097963
177,31,31,0,12,01,9,0,12,,,PENDIENTE_GEOGRAFIA_BASE_NO_EXISTE,La geografia base no existe en Silver.Dim_Geografia_Base.,Evaluación Vegetativa.xlsx,2026-03-24 12:09:42.097963
178,31,31,0,12,05,25,0,12,,,PENDIENTE_GEOGRAFIA_BASE_NO_EXISTE,La geografia base no existe en Silver.Dim_Geografia_Base.,Evaluación Vegetativa.xlsx,2026-03-24 12:09:42.097963
179,31,31,0,12,07,24,0,12,,,PENDIENTE_GEOGRAFIA_BASE_NO_EXISTE,La geografia base no existe en Silver.Dim_Geografia_Base.,Evaluación Vegetativa.xlsx,2026-03-24 12:09:42.097963
180,31,31,0,12,14,49,0,12,,,PENDIENTE_GEOGRAFIA_BASE_NO_EXISTE,La geografia base no existe en Silver.Dim_Geografia_Base.,Evaluación Vegetativa.xlsx,2026-03-24 12:09:42.097963
181,31,31,0,12,15,53,0,12,,,PENDIENTE_GEOGRAFIA_BASE_NO_EXISTE,La geografia base no existe en Silver.Dim_Geografia_Base.,Evaluación Vegetativa.xlsx,2026-03-24 12:09:42.097963
182,31,31,0,12,17,60,0,12,,,PENDIENTE_GEOGRAFIA_BASE_NO_EXISTE,La geografia base no existe en Silver.Dim_Geografia_Base.,Evaluación Vegetativa.xlsx,2026-03-24 12:09:42.097963
183,31,30,1,05,03,5,0,05,,,PENDIENTE_GEOGRAFIA_BASE_NO_EXISTE,La geografia base no existe en Silver.Dim_Geografia_Base.,Evaluación Vegetativa.xlsx | Reporte_evaluacion_peso.xlsx,2026-03-24 12:09:42.097963
184,31,30,1,12,01,8,0,12,,,PENDIENTE_GEOGRAFIA_BASE_NO_EXISTE,La geografia base no existe en Silver.Dim_Geografia_Base.,Evaluación Vegetativa.xlsx | Reporte_evaluacion_peso.xlsx,2026-03-24 12:09:42.097963
185,31,30,1,12,13,46,14,12,,,PENDIENTE_GEOGRAFIA_BASE_NO_EXISTE,La geografia base no existe en Silver.Dim_Geografia_Base.,Evaluación Vegetativa.xlsx | Reporte_evaluacion_peso.xlsx,2026-03-24 12:09:42.097963
186,31,29,2,04,02,5,0,04,,,PENDIENTE_GEOGRAFIA_BASE_NO_EXISTE,La geografia base no existe en Silver.Dim_Geografia_Base.,Evaluación Vegetativa.xlsx | Reporte_evaluacion_peso.xlsx,2026-03-24 12:09:42.097963
187,31,29,2,09,04,12,0,09,,,PENDIENTE_GEOGRAFIA_BASE_NO_EXISTE,La geografia base no existe en Silver.Dim_Geografia_Base.,Evaluación Vegetativa.xlsx | Reporte_evaluacion_peso.xlsx,2026-03-24 12:09:42.097963
188,31,28,3,04,02,4,23,04,,,PENDIENTE_GEOGRAFIA_BASE_NO_EXISTE,La geografia base no existe en Silver.Dim_Geografia_Base.,Evaluación Vegetativa.xlsx | Reporte_evaluacion_peso.xlsx,2026-03-24 12:09:42.097963
189,31,28,3,09,03,8,0,09,,,PENDIENTE_GEOGRAFIA_BASE_NO_EXISTE,La geografia base no existe en Silver.Dim_Geografia_Base.,Evaluación Vegetativa.xlsx | Reporte_evaluacion_peso.xlsx,2026-03-24 12:09:42.097963
190,31,28,3,09,14,42,0,09,,,PENDIENTE_GEOGRAFIA_BASE_NO_EXISTE,La geografia base no existe en Silver.Dim_Geografia_Base.,Evaluación Vegetativa.xlsx | Reporte_evaluacion_peso.xlsx,2026-03-24 12:09:42.097963
191,31,28,3,11,01,4,23,11,,,PENDIENTE_GEOGRAFIA_BASE_NO_EXISTE,La geografia base no existe en Silver.Dim_Geografia_Base.,Evaluación Vegetativa.xlsx | Reporte_evaluacion_peso.xlsx,2026-03-24 12:09:42.097963
192,30,30,0,12,06,19,0,12,,,PENDIENTE_GEOGRAFIA_BASE_NO_EXISTE,La geografia base no existe en Silver.Dim_Geografia_Base.,Evaluación Vegetativa.xlsx,2026-03-24 12:09:42.097963
193,30,29,1,05,03,6,0,05,,,PENDIENTE_GEOGRAFIA_BASE_NO_EXISTE,La geografia base no existe en Silver.Dim_Geografia_Base.,Evaluación Vegetativa.xlsx | Reporte_evaluacion_peso.xlsx,2026-03-24 12:09:42.097963
194,30,29,1,09,10,29,0,09,,,PENDIENTE_GEOGRAFIA_BASE_NO_EXISTE,La geografia base no existe en Silver.Dim_Geografia_Base.,Evaluación Vegetativa.xlsx | Reporte_evaluacion_peso.xlsx,2026-03-24 12:09:42.097963
195,30,28,2,04,01,5,0,04,,,PENDIENTE_GEOGRAFIA_BASE_NO_EXISTE,La geografia base no existe en Silver.Dim_Geografia_Base.,Evaluación Vegetativa.xlsx | Reporte_evaluacion_peso.xlsx,2026-03-24 12:09:42.097963
196,30,28,2,04,01,7,0,04,,,PENDIENTE_GEOGRAFIA_BASE_NO_EXISTE,La geografia base no existe en Silver.Dim_Geografia_Base.,Evaluación Vegetativa.xlsx | Reporte_evaluacion_peso.xlsx,2026-03-24 12:09:42.097963
197,29,29,0,01,05,20,0,01,,,PENDIENTE_GEOGRAFIA_BASE_NO_EXISTE,La geografia base no existe en Silver.Dim_Geografia_Base.,Evaluación Vegetativa.xlsx,2026-03-24 12:09:42.097963
198,29,29,0,09,07,21,0,09,,,PENDIENTE_GEOGRAFIA_BASE_NO_EXISTE,La geografia base no existe en Silver.Dim_Geografia_Base.,Evaluación Vegetativa.xlsx,2026-03-24 12:09:42.097963
199,29,29,0,09,11,32,0,09,,,PENDIENTE_GEOGRAFIA_BASE_NO_EXISTE,La geografia base no existe en Silver.Dim_Geografia_Base.,Evaluación Vegetativa.xlsx,2026-03-24 12:09:42.097963
200,29,28,1,09,02,6,0,09,,,PENDIENTE_GEOGRAFIA_BASE_NO_EXISTE,La geografia base no existe en Silver.Dim_Geografia_Base.,Evaluación Vegetativa.xlsx | Reporte_evaluacion_peso.xlsx,2026-03-24 12:09:42.097963
201,29,28,1,09,05,15,0,09,,,PENDIENTE_GEOGRAFIA_BASE_NO_EXISTE,La geografia base no existe en Silver.Dim_Geografia_Base.,Evaluación Vegetativa.xlsx | Reporte_evaluacion_peso.xlsx,2026-03-24 12:09:42.097963
202,29,28,1,09,06,18,0,09,,,PENDIENTE_GEOGRAFIA_BASE_NO_EXISTE,La geografia base no existe en Silver.Dim_Geografia_Base.,Evaluación Vegetativa.xlsx | Reporte_evaluacion_peso.xlsx,2026-03-24 12:09:42.097963
203,28,28,0,04,01,8,0,04,,,PENDIENTE_GEOGRAFIA_BASE_NO_EXISTE,La geografia base no existe en Silver.Dim_Geografia_Base.,Evaluación Vegetativa.xlsx,2026-03-24 12:09:42.097963
204,28,28,0,09,03,9,11,09,,,PENDIENTE_GEOGRAFIA_BASE_NO_EXISTE,La geografia base no existe en Silver.Dim_Geografia_Base.,Evaluación Vegetativa.xlsx,2026-03-24 12:09:42.097963
205,11,8,3,03,04,4,0,03,,,PENDIENTE_GEOGRAFIA_BASE_NO_EXISTE,La geografia base no existe en Silver.Dim_Geografia_Base.,Evaluación Vegetativa.xlsx | Reporte_evaluacion_peso.xlsx,2026-03-24 12:09:42.097963
206,11,8,3,03,05,5,0,03,,,PENDIENTE_GEOGRAFIA_BASE_NO_EXISTE,La geografia base no existe en Silver.Dim_Geografia_Base.,Evaluación Vegetativa.xlsx | Reporte_evaluacion_peso.xlsx,2026-03-24 12:09:42.097963
207,11,8,3,03,06,6,0,03,,,PENDIENTE_GEOGRAFIA_BASE_NO_EXISTE,La geografia base no existe en Silver.Dim_Geografia_Base.,Evaluación Vegetativa.xlsx | Reporte_evaluacion_peso.xlsx,2026-03-24 12:09:42.097963
208,9,9,0,01,03,4,0,01,,,PENDIENTE_GEOGRAFIA_BASE_NO_EXISTE,La geografia base no existe en Silver.Dim_Geografia_Base.,Evaluación Vegetativa.xlsx,2026-03-24 12:09:42.097963
209,9,8,1,01,02,1,0,01,,,PENDIENTE_GEOGRAFIA_BASE_NO_EXISTE,La geografia base no existe en Silver.Dim_Geografia_Base.,Evaluación Vegetativa.xlsx | Reporte_evaluacion_peso.xlsx,2026-03-24 12:09:42.097963
210,9,8,1,01,03,1,0,01,,,PENDIENTE_GEOGRAFIA_BASE_NO_EXISTE,La geografia base no existe en Silver.Dim_Geografia_Base.,Evaluación Vegetativa.xlsx | Reporte_evaluacion_peso.xlsx,2026-03-24 12:09:42.097963
211,9,8,1,01,04,1,0,01,,,PENDIENTE_GEOGRAFIA_BASE_NO_EXISTE,La geografia base no existe en Silver.Dim_Geografia_Base.,Evaluación Vegetativa.xlsx | Reporte_evaluacion_peso.xlsx,2026-03-24 12:09:42.097963
212,9,8,1,01,05,3,0,01,,,PENDIENTE_GEOGRAFIA_BASE_NO_EXISTE,La geografia base no existe en Silver.Dim_Geografia_Base.,Evaluación Vegetativa.xlsx | Reporte_evaluacion_peso.xlsx,2026-03-24 12:09:42.097963
213,8,8,0,01,02,3,0,01,,,PENDIENTE_GEOGRAFIA_BASE_NO_EXISTE,La geografia base no existe en Silver.Dim_Geografia_Base.,Evaluación Vegetativa.xlsx,2026-03-24 12:09:42.097963
214,8,8,0,01,02,4,0,01,,,PENDIENTE_GEOGRAFIA_BASE_NO_EXISTE,La geografia base no existe en Silver.Dim_Geografia_Base.,Evaluación Vegetativa.xlsx,2026-03-24 12:09:42.097963
215,8,8,0,01,03,2,0,01,,,PENDIENTE_GEOGRAFIA_BASE_NO_EXISTE,La geografia base no existe en Silver.Dim_Geografia_Base.,Evaluación Vegetativa.xlsx,2026-03-24 12:09:42.097963
216,8,8,0,01,04,2,0,01,,,PENDIENTE_GEOGRAFIA_BASE_NO_EXISTE,La geografia base no existe en Silver.Dim_Geografia_Base.,Evaluación Vegetativa.xlsx,2026-03-24 12:09:42.097963
217,8,8,0,01,04,3,0,01,,,PENDIENTE_GEOGRAFIA_BASE_NO_EXISTE,La geografia base no existe en Silver.Dim_Geografia_Base.,Evaluación Vegetativa.xlsx,2026-03-24 12:09:42.097963
218,8,8,0,01,05,2,0,01,,,PENDIENTE_GEOGRAFIA_BASE_NO_EXISTE,La geografia base no existe en Silver.Dim_Geografia_Base.,Evaluación Vegetativa.xlsx,2026-03-24 12:09:42.097963
219,8,8,0,01,05,4,0,01,,,PENDIENTE_GEOGRAFIA_BASE_NO_EXISTE,La geografia base no existe en Silver.Dim_Geografia_Base.,Evaluación Vegetativa.xlsx,2026-03-24 12:09:42.097963
220,8,8,0,03,03,7,1,03,,,PENDIENTE_GEOGRAFIA_BASE_NO_EXISTE,La geografia base no existe en Silver.Dim_Geografia_Base.,Evaluación Vegetativa.xlsx,2026-03-24 12:09:42.097963
221,8,8,0,03,04,3,1,03,,,PENDIENTE_GEOGRAFIA_BASE_NO_EXISTE,La geografia base no existe en Silver.Dim_Geografia_Base.,Evaluación Vegetativa.xlsx,2026-03-24 12:09:42.097963
222,8,8,0,03,04,5,1,03,,,PENDIENTE_GEOGRAFIA_BASE_NO_EXISTE,La geografia base no existe en Silver.Dim_Geografia_Base.,Evaluación Vegetativa.xlsx,2026-03-24 12:09:42.097963
223,8,8,0,03,04,6,0,03,,,PENDIENTE_GEOGRAFIA_BASE_NO_EXISTE,La geografia base no existe en Silver.Dim_Geografia_Base.,Evaluación Vegetativa.xlsx,2026-03-24 12:09:42.097963
224,8,8,0,03,04,7,52,03,,,PENDIENTE_GEOGRAFIA_BASE_NO_EXISTE,La geografia base no existe en Silver.Dim_Geografia_Base.,Evaluación Vegetativa.xlsx,2026-03-24 12:09:42.097963
225,8,8,0,03,05,1,0,03,,,PENDIENTE_GEOGRAFIA_BASE_NO_EXISTE,La geografia base no existe en Silver.Dim_Geografia_Base.,Evaluación Vegetativa.xlsx,2026-03-24 12:09:42.097963
226,8,8,0,03,05,2,0,03,,,PENDIENTE_GEOGRAFIA_BASE_NO_EXISTE,La geografia base no existe en Silver.Dim_Geografia_Base.,Evaluación Vegetativa.xlsx,2026-03-24 12:09:42.097963
227,8,8,0,03,05,4,1,03,,,PENDIENTE_GEOGRAFIA_BASE_NO_EXISTE,La geografia base no existe en Silver.Dim_Geografia_Base.,Evaluación Vegetativa.xlsx,2026-03-24 12:09:42.097963
228,8,8,0,03,05,6,1,03,,,PENDIENTE_GEOGRAFIA_BASE_NO_EXISTE,La geografia base no existe en Silver.Dim_Geografia_Base.,Evaluación Vegetativa.xlsx,2026-03-24 12:09:42.097963
229,8,8,0,03,06,3,1,03,,,PENDIENTE_GEOGRAFIA_BASE_NO_EXISTE,La geografia base no existe en Silver.Dim_Geografia_Base.,Evaluación Vegetativa.xlsx,2026-03-24 12:09:42.097963
230,8,8,0,03,06,4,1,03,,,PENDIENTE_GEOGRAFIA_BASE_NO_EXISTE,La geografia base no existe en Silver.Dim_Geografia_Base.,Evaluación Vegetativa.xlsx,2026-03-24 12:09:42.097963
231,8,7,1,01,05,1,0,01,,,PENDIENTE_GEOGRAFIA_BASE_NO_EXISTE,La geografia base no existe en Silver.Dim_Geografia_Base.,Evaluación Vegetativa.xlsx | Reporte_evaluacion_peso.xlsx,2026-03-24 12:09:42.097963
232,7,7,0,03,02,1,0,03,,,PENDIENTE_GEOGRAFIA_BASE_NO_EXISTE,La geografia base no existe en Silver.Dim_Geografia_Base.,Evaluación Vegetativa.xlsx,2026-03-24 12:09:42.097963
233,7,7,0,03,02,3,0,03,,,PENDIENTE_GEOGRAFIA_BASE_NO_EXISTE,La geografia base no existe en Silver.Dim_Geografia_Base.,Evaluación Vegetativa.xlsx,2026-03-24 12:09:42.097963
234,7,7,0,03,02,4,0,03,,,PENDIENTE_GEOGRAFIA_BASE_NO_EXISTE,La geografia base no existe en Silver.Dim_Geografia_Base.,Evaluación Vegetativa.xlsx,2026-03-24 12:09:42.097963
235,7,7,0,03,02,5,0,03,,,PENDIENTE_GEOGRAFIA_BASE_NO_EXISTE,La geografia base no existe en Silver.Dim_Geografia_Base.,Evaluación Vegetativa.xlsx,2026-03-24 12:09:42.097963
236,7,7,0,03,02,6,1,03,,,PENDIENTE_GEOGRAFIA_BASE_NO_EXISTE,La geografia base no existe en Silver.Dim_Geografia_Base.,Evaluación Vegetativa.xlsx,2026-03-24 12:09:42.097963
237,7,7,0,03,02,7,1,03,,,PENDIENTE_GEOGRAFIA_BASE_NO_EXISTE,La geografia base no existe en Silver.Dim_Geografia_Base.,Evaluación Vegetativa.xlsx,2026-03-24 12:09:42.097963
238,7,7,0,03,03,1,0,03,,,PENDIENTE_GEOGRAFIA_BASE_NO_EXISTE,La geografia base no existe en Silver.Dim_Geografia_Base.,Evaluación Vegetativa.xlsx,2026-03-24 12:09:42.097963
239,7,7,0,03,03,2,1,03,,,PENDIENTE_GEOGRAFIA_BASE_NO_EXISTE,La geografia base no existe en Silver.Dim_Geografia_Base.,Evaluación Vegetativa.xlsx,2026-03-24 12:09:42.097963
240,7,7,0,03,03,4,0,03,,,PENDIENTE_GEOGRAFIA_BASE_NO_EXISTE,La geografia base no existe en Silver.Dim_Geografia_Base.,Evaluación Vegetativa.xlsx,2026-03-24 12:09:42.097963
241,7,7,0,03,03,5,52,03,,,PENDIENTE_GEOGRAFIA_BASE_NO_EXISTE,La geografia base no existe en Silver.Dim_Geografia_Base.,Evaluación Vegetativa.xlsx,2026-03-24 12:09:42.097963
242,7,7,0,03,03,6,33,03,,,PENDIENTE_GEOGRAFIA_BASE_NO_EXISTE,La geografia base no existe en Silver.Dim_Geografia_Base.,Evaluación Vegetativa.xlsx,2026-03-24 12:09:42.097963
243,7,7,0,03,04,1,0,03,,,PENDIENTE_GEOGRAFIA_BASE_NO_EXISTE,La geografia base no existe en Silver.Dim_Geografia_Base.,Evaluación Vegetativa.xlsx,2026-03-24 12:09:42.097963
244,7,7,0,03,04,2,0,03,,,PENDIENTE_GEOGRAFIA_BASE_NO_EXISTE,La geografia base no existe en Silver.Dim_Geografia_Base.,Evaluación Vegetativa.xlsx,2026-03-24 12:09:42.097963
245,7,7,0,03,05,3,0,03,,,PENDIENTE_GEOGRAFIA_BASE_NO_EXISTE,La geografia base no existe en Silver.Dim_Geografia_Base.,Evaluación Vegetativa.xlsx,2026-03-24 12:09:42.097963
246,7,7,0,03,05,7,1,03,,,PENDIENTE_GEOGRAFIA_BASE_NO_EXISTE,La geografia base no existe en Silver.Dim_Geografia_Base.,Evaluación Vegetativa.xlsx,2026-03-24 12:09:42.097963
247,7,7,0,03,05,8,1,03,,,PENDIENTE_GEOGRAFIA_BASE_NO_EXISTE,La geografia base no existe en Silver.Dim_Geografia_Base.,Evaluación Vegetativa.xlsx,2026-03-24 12:09:42.097963
248,7,7,0,03,06,1,1,03,,,PENDIENTE_GEOGRAFIA_BASE_NO_EXISTE,La geografia base no existe en Silver.Dim_Geografia_Base.,Evaluación Vegetativa.xlsx,2026-03-24 12:09:42.097963
249,7,7,0,03,06,2,1,03,,,PENDIENTE_GEOGRAFIA_BASE_NO_EXISTE,La geografia base no existe en Silver.Dim_Geografia_Base.,Evaluación Vegetativa.xlsx,2026-03-24 12:09:42.097963
250,7,7,0,03,06,5,1,03,,,PENDIENTE_GEOGRAFIA_BASE_NO_EXISTE,La geografia base no existe en Silver.Dim_Geografia_Base.,Evaluación Vegetativa.xlsx,2026-03-24 12:09:42.097963
251,7,7,0,03,06,7,1,03,,,PENDIENTE_GEOGRAFIA_BASE_NO_EXISTE,La geografia base no existe en Silver.Dim_Geografia_Base.,Evaluación Vegetativa.xlsx,2026-03-24 12:09:42.097963
252,7,7,0,03,06,8,1,03,,,PENDIENTE_GEOGRAFIA_BASE_NO_EXISTE,La geografia base no existe en Silver.Dim_Geografia_Base.,Evaluación Vegetativa.xlsx,2026-03-24 12:09:42.097963
253,5,5,0,02,02,3,0,02,,,PENDIENTE_GEOGRAFIA_BASE_NO_EXISTE,La geografia base no existe en Silver.Dim_Geografia_Base.,Evaluación Vegetativa.xlsx,2026-03-24 12:09:42.097963
254,5,5,0,02,02,4,0,02,,,PENDIENTE_GEOGRAFIA_BASE_NO_EXISTE,La geografia base no existe en Silver.Dim_Geografia_Base.,Evaluación Vegetativa.xlsx,2026-03-24 12:09:42.097963
255,5,5,0,02,03,1,0,02,,,PENDIENTE_GEOGRAFIA_BASE_NO_EXISTE,La geografia base no existe en Silver.Dim_Geografia_Base.,Evaluación Vegetativa.xlsx,2026-03-24 12:09:42.097963
256,5,5,0,02,03,2,0,02,,,PENDIENTE_GEOGRAFIA_BASE_NO_EXISTE,La geografia base no existe en Silver.Dim_Geografia_Base.,Evaluación Vegetativa.xlsx,2026-03-24 12:09:42.097963
257,5,5,0,02,03,4,0,02,,,PENDIENTE_GEOGRAFIA_BASE_NO_EXISTE,La geografia base no existe en Silver.Dim_Geografia_Base.,Evaluación Vegetativa.xlsx,2026-03-24 12:09:42.097963
258,5,5,0,02,04,1,0,02,,,PENDIENTE_GEOGRAFIA_BASE_NO_EXISTE,La geografia base no existe en Silver.Dim_Geografia_Base.,Evaluación Vegetativa.xlsx,2026-03-24 12:09:42.097963
259,5,5,0,02,04,2,0,02,,,PENDIENTE_GEOGRAFIA_BASE_NO_EXISTE,La geografia base no existe en Silver.Dim_Geografia_Base.,Evaluación Vegetativa.xlsx,2026-03-24 12:09:42.097963
260,5,5,0,02,04,3,0,02,,,PENDIENTE_GEOGRAFIA_BASE_NO_EXISTE,La geografia base no existe en Silver.Dim_Geografia_Base.,Evaluación Vegetativa.xlsx,2026-03-24 12:09:42.097963
261,5,5,0,02,04,4,0,02,,,PENDIENTE_GEOGRAFIA_BASE_NO_EXISTE,La geografia base no existe en Silver.Dim_Geografia_Base.,Evaluación Vegetativa.xlsx,2026-03-24 12:09:42.097963
262,5,5,0,02,05,1,0,02,,,PENDIENTE_GEOGRAFIA_BASE_NO_EXISTE,La geografia base no existe en Silver.Dim_Geografia_Base.,Evaluación Vegetativa.xlsx,2026-03-24 12:09:42.097963
263,5,5,0,02,05,2,0,02,,,PENDIENTE_GEOGRAFIA_BASE_NO_EXISTE,La geografia base no existe en Silver.Dim_Geografia_Base.,Evaluación Vegetativa.xlsx,2026-03-24 12:09:42.097963
264,5,5,0,02,05,3,0,02,,,PENDIENTE_GEOGRAFIA_BASE_NO_EXISTE,La geografia base no existe en Silver.Dim_Geografia_Base.,Evaluación Vegetativa.xlsx,2026-03-24 12:09:42.097963
265,5,5,0,02,05,4,0,02,,,PENDIENTE_GEOGRAFIA_BASE_NO_EXISTE,La geografia base no existe en Silver.Dim_Geografia_Base.,Evaluación Vegetativa.xlsx,2026-03-24 12:09:42.097963
266,5,5,0,02,06,1,0,02,,,PENDIENTE_GEOGRAFIA_BASE_NO_EXISTE,La geografia base no existe en Silver.Dim_Geografia_Base.,Evaluación Vegetativa.xlsx,2026-03-24 12:09:42.097963
267,5,5,0,02,06,2,0,02,,,PENDIENTE_GEOGRAFIA_BASE_NO_EXISTE,La geografia base no existe en Silver.Dim_Geografia_Base.,Evaluación Vegetativa.xlsx,2026-03-24 12:09:42.097963
268,5,5,0,02,06,3,0,02,,,PENDIENTE_GEOGRAFIA_BASE_NO_EXISTE,La geografia base no existe en Silver.Dim_Geografia_Base.,Evaluación Vegetativa.xlsx,2026-03-24 12:09:42.097963
269,5,5,0,02,06,4,0,02,,,PENDIENTE_GEOGRAFIA_BASE_NO_EXISTE,La geografia base no existe en Silver.Dim_Geografia_Base.,Evaluación Vegetativa.xlsx,2026-03-24 12:09:42.097963
270,2,2,0,11,24,105,1,11,,,PENDIENTE_GEOGRAFIA_BASE_NO_EXISTE,La geografia base no existe en Silver.Dim_Geografia_Base.,Evaluación Vegetativa.xlsx,2026-03-24 12:09:42.097963
